{"type": "metrics", "precision": 0.7215592680986476, "balanced_accuracy": 0.670390011124544, "recall": 0.38391534391534393, "dataset": "train", "f1_score": 0.5011741953308468}
{"type": "metrics", "precision": 0.678030303030303, "balanced_accuracy": 0.663792848941981, "recall": 0.3756558237145855, "dataset": "test", "f1_score": 0.4834571235651587}
{"type": "cm_matrix", "dataset": "train", "true_0": {"predicted_0": 15528, "predicted_1": 700}, "true_1": {"predicted_0": 2911, "predicted_1": 1814}}
{"type": "cm_matrix", "dataset": "test", "true_0": {"predicted_0": 6733, "predicted_1": 340}, "true_1": {"predicted_0": 1190, "predicted_1": 716}}
