{"type": "metrics", "precision": 0.7416563658838071, "balanced_accuracy": 0.6711577285585173, "recall": 0.38095238095238093, "dataset": "train", "f1_score": 0.5033557046979866}
{"type": "metrics", "precision": 0.6705653021442495, "balanced_accuracy": 0.6565890060616544, "recall": 0.36096537250786986, "dataset": "test", "f1_score": 0.4693042291950887}
{"type": "cm_matrix", "dataset": "train", "true_0": {"predicted_0": 15601, "predicted_1": 627}, "true_1": {"predicted_0": 2925, "predicted_1": 1800}}
{"type": "cm_matrix", "dataset": "test", "true_0": {"predicted_0": 6735, "predicted_1": 338}, "true_1": {"predicted_0": 1218, "predicted_1": 688}}
