{"type": "metrics", "precision": 0.682753164556962, "balanced_accuracy": 0.6579351255195475, "recall": 0.3652910052910053, "dataset": "train", "f1_score": 0.47594098993519923}
{"type": "metrics", "precision": 0.6718464351005484, "balanced_accuracy": 0.6674339733040342, "recall": 0.38562434417628544, "dataset": "test", "f1_score": 0.49}
{"type": "cm_matrix", "dataset": "train", "true_0": {"predicted_0": 15426, "predicted_1": 802}, "true_1": {"predicted_0": 2999, "predicted_1": 1726}}
{"type": "cm_matrix", "dataset": "test", "true_0": {"predicted_0": 6714, "predicted_1": 359}, "true_1": {"predicted_0": 1171, "predicted_1": 735}}
